,description,duration,title,url,url1
0,"
Ingrédients : pain de mie,escalope de poulet ou de rôti de porc cuit,jambon,tomate,salade,mayonnaise (quantité selon le goût),beurre à tartiner, environ 30 g,moutarde  environ 1,5 cuillère à café.Couper les...		",50 min,Sandwichs américains,/recettes/recette_sandwichs-americains_34637.aspx,https://www.marmiton.org/https://www.marmiton.org/recettes/recherche.aspx?aqt=sandwich
1,"
Ingrédients : pain de mie anglais (le super moelleux blanc ou brun),escalope de poulet (ou de dinde extra fine),bacon (poitrine),tomate (en saison),avocat,oeuf dur,salade (laitue, batavia ou iceberg),mayonnaise.Faire...		",5 min,Club sandwich poulet - bacon,/recettes/recette_club-sandwich-poulet-bacon_41357.aspx,https://www.marmiton.org/https://www.marmiton.org/recettes/recherche.aspx?aqt=sandwich
2,"
Ingrédients : escalope de poulet coupées en petits dés,sauce soja,huile d'olive,ail pressé,oignon très finement émincé,ciboulette ciselée,poivre,sel,tomate épépinées et coupées en petits dés,oignon très...		",25 min,Poulet mariné en sandwich frais au pain pita,/recettes/recette_poulet-marine-en-sandwich-frais-au-pain-pita_37003.aspx,https://www.marmiton.org/https://www.marmiton.org/recettes/recherche.aspx?aqt=sandwich
3,"
Ingrédients : pain de mie complet,concombre (assez gros),crème fraîche épaisse,ciboulette,sel et du poivre.On prévoit 2 sandwichs par personne.Couper les tranches de pain de mie complet en diagonale, puis les...		",10 min,Sandwichs de concombre,/recettes/recette_sandwichs-de-concombre_63337.aspx,https://www.marmiton.org/https://www.marmiton.org/recettes/recherche.aspx?aqt=sandwich
4,"
Ingrédients : Émietté Végétal citron & poivre mignonette Nautilus®,pain de mie aux graines ou complet,oignon rouge (l'équivalent d'¼),tomate,salade,chou blanc (l'équivalent...		",20 min,Club sandwich au coleslaw et à l’Emietté Végétal citron,/recettes/recette_club-sandwich-au-coleslaw-et-a-l-emiette-vegetal-citron_528034.aspx,https://www.marmiton.org/https://www.marmiton.org/recettes/recherche.aspx?aqt=sandwich
5,"
Ingrédients : pain complet,thon au naturel,basilic,poivre,sel,tomate séchée,fromage blanc 0%,citron,poivre,sel,basilic.Préparer la sauce au fromage blanc : battre dans un bol le fromage blanc battu à 0% avec du...		",5 min,Sandwich au thon,/recettes/recette_sandwich-au-thon_26695.aspx,https://www.marmiton.org/https://www.marmiton.org/recettes/recherche.aspx?aqt=sandwich
6,"
Ingrédients : pain de mie carré,saumon fumé,salade,fromage blanc,jus de citron,poivre,sel.Préparer la sauce: bien mélanger le fromage blanc et le jus de citron. Saler et poivrer.Sur chaque tranche de pain de mie,...		",3 min,Sandwich au saumon fumé,/recettes/recette_sandwich-au-saumon-fume_36942.aspx,https://www.marmiton.org/https://www.marmiton.org/recettes/recherche.aspx?aqt=sandwich
7,"
Ingrédients : blanc de poulet,curry en poudre,moutarde de Dijon,oeuf,mayonnaise,baguette,salade mélangée.Faites cuire les blancs de poulet dans de l'huile. Préparer 4 oeufs cuits durs. Dans un saladier, mettez 2...		",25 min,Sandwich de Poulet et oeufs au curry,/recettes/recette_sandwich-de-poulet-et-oeufs-au-curry_32474.aspx,https://www.marmiton.org/https://www.marmiton.org/recettes/recherche.aspx?aqt=sandwich
8,"
Ingrédients : pain rôtis beurrées,poulet cuit et tiède (viande blanche),tomate,bacon,laitue,mayonnaise.Un sandwich est composé de 3 tranches de pain. Voici les étapes pour 1 sandwich :Sur une tranche de pain...		",35 min,Club sandwich américain,/recettes/recette_club-sandwich-americain_41129.aspx,https://www.marmiton.org/https://www.marmiton.org/recettes/recherche.aspx?aqt=sandwich
9,"
Ingrédients : Émietté Végétal citron & poivre mignonette Nautilus®,pomme de terre primeur ou pour cuisson vapeur, à l’eau,olives noires à la grecques dénoyautées,oignon rouge,persil...		",35 min,Salade de pommes de terre à l’émietté végétal,/recettes/recette_salade-de-pommes-de-terre-a-l-emiette-citron-poivre_392604.aspx,https://www.marmiton.org/https://www.marmiton.org/recettes/recherche.aspx?aqt=sandwich
10,"
Ingrédients : pain de mie (spécial sandwich),mozzarella,saumon fumé,fromage frais,aneth,oeuf frais.1-Dans une casserole d'eau bouillante plonger délicatement les oeufs à l'aide d'une cuillère à soupe et les...		",25 min,Club sandwich saumon fumé-mozzarella-oeuf mollet,/recettes/recette_club-sandwich-saumon-fume-mozzarella-oeuf-mollet_167517.aspx,https://www.marmiton.org/https://www.marmiton.org/recettes/recherche.aspx?aqt=sandwich
11,"
Ingrédients : escalope de poulet (250 g en tout environ),carotte et choux râpés mélangés (rayon salade en sachet),mimolette vieille, ou Gouda mi-vieux (selon votre préférence),mayonnaise maison ou toute faite (selon...		",30 min,Salade sandwich 2 en 1,/recettes/recette_salade-sandwich-2-en-1_44294.aspx,https://www.marmiton.org/https://www.marmiton.org/recettes/recherche.aspx?aqt=sandwich
12,"
Ingrédients : bacon,laitue,avocat,emmental,mayonnaise,ketchup,pain de mie complet,jambon de dinde.Faites griller 8 tranches de bacon dans une poêle, sans matière grasse.Ciselez 4 feuilles de laitue.Taillez en...		",17 min,Club sandwich au bacon,/recettes/recette_club-sandwich-au-bacon_167495.aspx,https://www.marmiton.org/https://www.marmiton.org/recettes/recherche.aspx?aqt=sandwich
13,"
Ingrédients : pain de mie sans croûte,fromage frais type Saint Morêt,saumon fumé,aneth,citron,salade sucrine,poivre.A l'aide d'un cercle à pâtisserie, détailler les tranches de pain de mie en ronds. Hacher...		",15 min,Sandwich cakes indivuels au saumon fumé et aux herbes,/recettes/recette_sandwich-cakse-indivuels-au-saumon-fume-et-aux-herbes_340289.aspx,https://www.marmiton.org/https://www.marmiton.org/recettes/recherche.aspx?aqt=sandwich
14,"
Ingrédients : tortilla de blé,Émietté Végétal tomate & piment rouge Nautilus®,poivron rouge,avocat,oignon rouge,citron vert,tabasco,salade,crème de soja ou autre crème...		",35 min,Wraps mexicains à l’Emietté Végétal tomate,/recettes/recette_wraps-mexicains-a-l-emiette-vegetal-tomate_528037.aspx,https://www.marmiton.org/https://www.marmiton.org/recettes/recherche.aspx?aqt=sandwich
0,"
Ingrédients : baguette française,tomate,jambon,gouda jeune,salade,sauce cocktail,mayonnaise.Ouvrir la baguette en deux, étaler un peu de mayonnaise, puis ajouter la tranche de jambon. Etaler ensuite la tranche de...		",5 min,Sandwich Dagobert,/recettes/recette_sandwich-dagobert_18095.aspx,https://www.marmiton.org/https://www.marmiton.org/recettes/recherche.aspx?aqt=sandwich&start=12&page=2
1,"
Ingrédients : jambon,tomate,pesto au basilic,oignon,beurre,pain de mie,chèvre (bûche),parmesan.Étalez le pesto sur la tranche de pain de mie du dessous puis faire pareil avec le confit d'oignons. N'hésitez pas sur...		",10 min,Club sandwich saveur du sud,/recettes/recette_club-sandwich-saveur-du-sud_227966.aspx,https://www.marmiton.org/https://www.marmiton.org/recettes/recherche.aspx?aqt=sandwich&start=12&page=2
2,"
Ingrédients : baguette,laitue,tomate,saucisse,ail,huile d'olive,persil,coriandre,vinaigre,échalote.Faire griller la baguette. Préparation de la sauce chimichurriHacher finement l'ail et l'échalote.Ciseler le persil...		",15 min,Choripan (sandwich argentin),/recettes/recette_choripan-sandwich-argentin_345414.aspx,https://www.marmiton.org/https://www.marmiton.org/recettes/recherche.aspx?aqt=sandwich&start=12&page=2
3,"
Ingrédients : parmesan (entre 1 et 3 pincées),beurre,jambon ou charcuterie italienne,poivre moulu,pain (au choix),mozzarella (au lait de vache, pas de bufflonne).Coupez un morceau de pain en 2 dans le sens de la...		",10 min,Sandwich à l'italienne,/recettes/recette_sandwich-a-l-italienne_32247.aspx,https://www.marmiton.org/https://www.marmiton.org/recettes/recherche.aspx?aqt=sandwich&start=12&page=2
4,"
Ingrédients : Émietté Végétal citron & poivre mignonette Nautilus®,pain,fromage de chèvre frais 100 à 150 g,concombre,radis,pignons de pin.Faites griller le pain pendant 8 à 10...		",18 min,Tartine de fromage frais à l’émietté végétal,/recettes/recette_tartine-de-fromage-frais-a-l-emiette-de-citron_392603.aspx,https://www.marmiton.org/https://www.marmiton.org/recettes/recherche.aspx?aqt=sandwich&start=12&page=2
5,"
Ingrédients : pain de mie complet,épinards frais (et bio si possible),jambon fumé,comté.Faire griller les tranches de pain de mie au grille-pain ou à la poêle. Les laisser refroidir.Bien laver les feuilles...		",15 min,Club Sandwich Épinard-jambon-comté,/recettes/recette_club-sandwich-epinard-jambon-comte_336476.aspx,https://www.marmiton.org/https://www.marmiton.org/recettes/recherche.aspx?aqt=sandwich&start=12&page=2
6,"
Ingrédients : pain de campagne,tomate,ail,huile d'olive,bacon,oeuf.Couper le morceau de pain en deux. Frotter chaque partie avec la gousse d'ail coupée en deux.Imprégner le pain de tomate en pressant chaque moitié...		",7 min,Sandwich omelette tomate,/recettes/recette_sandwich-omelette-tomate_59773.aspx,https://www.marmiton.org/https://www.marmiton.org/recettes/recherche.aspx?aqt=sandwich&start=12&page=2
7,"
Ingrédients : crevettes cocktail, selon vos goûts (cuites et décortiquées),concombre,tomate,oignon rouge,mesclun (quelques feuilles),mayonnaise (selon votre goût),aneth,baguette,bagel,pain italien à l'huile,pain noir...		",10 min,Sandwich baltique,/recettes/recette_sandwich-baltique_35759.aspx,https://www.marmiton.org/https://www.marmiton.org/recettes/recherche.aspx?aqt=sandwich&start=12&page=2
8,"
Ingrédients : baguette,viande hachée,bacon,sauce burger,gruyère fines,ail,poivre,sel.Faites cuire à feux doux votre steak haché, salez, poivrez et un peu d'ail à votre convenance.Pendant ce temps couper un...		",17 min,Sandwich cannibale,/recettes/recette_sandwich-cannibale_227614.aspx,https://www.marmiton.org/https://www.marmiton.org/recettes/recherche.aspx?aqt=sandwich&start=12&page=2
9,"
Ingrédients : Émietté Végétal tomate & piment rouge Nautilus®,courgette,crème de soja,farine de maïs,eau froide,tomate concassée,concentré de tomates,pignons,origan...		",50 min,Lasagnes de courgettes à l’Emietté Végétal tomate,/recettes/recette_lasagnes-de-courgettes-a-l-emiette-vegetal-tomate_528039.aspx,https://www.marmiton.org/https://www.marmiton.org/recettes/recherche.aspx?aqt=sandwich&start=12&page=2
10,"
Ingrédients : pain de mie (blanc et bien moelleux, à l'anglaise),fromage (gruyère, emmental, cheddar...),beurre.Assembler le croque : 1 tranche de pain, 1 tranche de fromage, 1 tranche de pain. Faire chauffer une...		",6 min,Croque-Monsieur à la poêle (grilled cheese sandwich),/recettes/recette_croque-monsieur-a-la-poele-grilled-cheese-sandwich_34426.aspx,https://www.marmiton.org/https://www.marmiton.org/recettes/recherche.aspx?aqt=sandwich&start=12&page=2
11,"
Ingrédients : pain long ou 1/4 de baguette au sésame,dinde aux herbes,curry (voir recette sur le site),poivre,sel,laitue.Préparer la sauce au curry. Couper la tranche de dinde en deux ou trois selon la taille du...		",45 min,Sandwich léger à la dinde,/recettes/recette_sandwich-leger-a-la-dinde_26693.aspx,https://www.marmiton.org/https://www.marmiton.org/recettes/recherche.aspx?aqt=sandwich&start=12&page=2
12,"
Ingrédients : pain de mie sans croûte,pousses d'épinard,moutarde forte,fromage frais.Préchauffer le four à 180°C (thermostat 6).Déposer les tranches de pain de mie sur une plaque à four et enfourner pour 2 à 5...		",25 min,Sandwichs triangles fromage frais moutarde et épinard,/recettes/recette_sandwichs-triangles-fromage-frais-moutarde-et-epinard_311057.aspx,https://www.marmiton.org/https://www.marmiton.org/recettes/recherche.aspx?aqt=sandwich&start=12&page=2
13,"
Ingrédients : pain de mie,blanc de dinde fumé,tzatziki (spécialité grecque au concombre et fromage blanc),tomate,gruyère râpé.Tartiner chaque tranche de pain avec le tzatziki ; en réserver 4. Sur les 4 qui...		",15 min,Super sandwichs de Faby,/recettes/recette_super-sandwichs-de-faby_31328.aspx,https://www.marmiton.org/https://www.marmiton.org/recettes/recherche.aspx?aqt=sandwich&start=12&page=2
14,"
Ingrédients : farine T55,huile d'olive,eau,thym,fleur de sel,Émietté Végétal citron & poivre mignonette Nautilus®,oignon doux,huile d'olive,câpres,olives noires...		",1h05,Pissaladière à l’Emietté Végétal citron,/recettes/recette_pissaladiere-a-l-emiette-vegetal-citron_528046.aspx,https://www.marmiton.org/https://www.marmiton.org/recettes/recherche.aspx?aqt=sandwich&start=12&page=2
0,"
Ingrédients : baguette,mozzarella,jambon de Parme,tomate séchée,basilic fraîches.Coupez la baguette en 2.Coupez la mozzarella en tranches assez fines.Coupez les feuilles de basilic finement.Ouvrez la baguette,...		",5 min,Sandwich frais à l'italienne,/recettes/recette_sandwich-frais-a-l-italienne_219428.aspx,https://www.marmiton.org/https://www.marmiton.org/recettes/recherche.aspx?aqt=sandwich&start=24&page=3
1,"
Ingrédients : steak hachés de boeuf,baguette de pain,sauce tomate (ou Ketchup),fromage râpé,poivre,sel,huile.Faire chauffer la poêle à feu moyen avec un peu d'huile.Ensuite, y faire cuire la viande hachée...		",25 min,Le Bwenwn (sandwich steak haché fromage),/recettes/recette_le-bwenwn-sandwich-steak-hache-fromage_60759.aspx,https://www.marmiton.org/https://www.marmiton.org/recettes/recherche.aspx?aqt=sandwich&start=24&page=3
2,"
Ingrédients : pousses d'épinard,pomme Golden,bacon,fromage frais (St Moret),pain de mie.Commencez par faire dorer le bacon, 1 à 2 min, au four ou à la poêle.Coupez le pain de mie en 2.Tartinez-le de St...		",6 min,Mini-sandwichs au bacon,/recettes/recette_mini-sandwichs-au-bacon_44637.aspx,https://www.marmiton.org/https://www.marmiton.org/recettes/recherche.aspx?aqt=sandwich&start=24&page=3
3,"
Ingrédients : baguette bien fraîche,ail,oeuf durs,céleri cru,anchois au sel,huile d'olive.Vider puis laver à l'eau courante 1 à 2 anchois par personne (selon leur taille), bien sécher les filets ainsi obtenus....		",10 min,Sandwich Roselyne,/recettes/recette_sandwich-roselyne_224099.aspx,https://www.marmiton.org/https://www.marmiton.org/recettes/recherche.aspx?aqt=sandwich&start=24&page=3
4,"
Ingrédients : Émietté Végétal tomate & piment rouge Nautilus®,tomate,courgette ronde,poivron,aubergine,romarin,thym,sel,poivre du moulin.Laver les légumes.Tailler le « chapeau »...		",45 min,Légumes farcis à l’émietté végétal de tomate et piment rouge,/recettes/recette_legumes-farcis-a-l-emiette-de-tomate-et-piment-rouge_392599.aspx,https://www.marmiton.org/https://www.marmiton.org/recettes/recherche.aspx?aqt=sandwich&start=24&page=3
5,"
Ingrédients : pain de mie sans croutes,escalope de poulet,mayonnaise,salade,tomate coeur de pigeon,lard fumé,fromage,oeuf dur.Faire dorer dans une poêle l’escalope de poulet dans un peu de beurre. Saler, poivrer....		",35 min,Club sandwich poulet crudités,/recettes/recette_club-sandwich-poulet-crudites_335100.aspx,https://www.marmiton.org/https://www.marmiton.org/recettes/recherche.aspx?aqt=sandwich&start=24&page=3
6,"
Ingrédients : baguette bien croustillante,tomate mûres (ou 4 petites),basilic,ail nouveau (ail frais),huile d'olive,vinaigre de vin rouge,poivre,sel.Détacher les feuilles de basilic de leurs tiges, les laver et les...		",5 min,Sandwich à la tomate et au basilic,/recettes/recette_sandwich-a-la-tomate-et-au-basilic_59108.aspx,https://www.marmiton.org/https://www.marmiton.org/recettes/recherche.aspx?aqt=sandwich&start=24&page=3
7,"
Ingrédients : pain (genre pain de mie),jambon,carré frais,crème fraîche,ciboulette hachée,poivre,sel.A préparer la veille (pour le pique-nique).Mixer les tranches de jambon, les mélanger avec la crème fraîche...		",20 min,Petits sandwichs farcis au Jambon,/recettes/recette_petits-sandwichs-farcis-au-jambon_10689.aspx,https://www.marmiton.org/https://www.marmiton.org/recettes/recherche.aspx?aqt=sandwich&start=24&page=3
8,"
Ingrédients : baguette (tradition, viennoise ou même du pain de mie),jambon,échalote,salade,persil,mayonnaise,poivre,sel.Hacher très fin le jambon, les échalotes, la salade et le persil(avec un hachoir électrique...		",15 min,Sandwich cess'touch,/recettes/recette_sandwich-cess-touch_45142.aspx,https://www.marmiton.org/https://www.marmiton.org/recettes/recherche.aspx?aqt=sandwich&start=24&page=3
9,"
Ingrédients : Émietté Végétal tomate & piment rouge Nautilus®,tomate concassée,oignon rouge,poivron rouge,ail,origan,paprika,cumin en poudre,piment d'Espelette,huile d'olive,haricots...		",50 min,Chili sin carne à l’Emietté Végétal tomate,/recettes/recette_chili-sin-carne-a-l-emiette-vegetal-tomate_528025.aspx,https://www.marmiton.org/https://www.marmiton.org/recettes/recherche.aspx?aqt=sandwich&start=24&page=3
10,"
Ingrédients : oeuf,lait,crème fraîche épaisse,concombre,pâte de curry (doux),huile d'olive,poivre du moulin,sel.Préchauffer le four à 210°C.Cassez les oeufs dans un saladier. Saler, poivrer et ajouter le lait....		",23 min,Petits sandwichs d'omelette au curry et au concombre,/recettes/recette_petits-sandwichs-d-omelette-au-curry-et-au-concombre_166790.aspx,https://www.marmiton.org/https://www.marmiton.org/recettes/recherche.aspx?aqt=sandwich&start=24&page=3
11,"
Ingrédients : carré frais en petites portions,bacon,salade (coeur de laitue),tomate,gruyère ou comté,pain de mie complet.Prendre 2 tranches de pain de mie complet (carré).Etaler une petite portion de carré...		",5 min,Méga-bon sandwich au bacon,/recettes/recette_mega-bon-sandwich-au-bacon_10623.aspx,https://www.marmiton.org/https://www.marmiton.org/recettes/recherche.aspx?aqt=sandwich&start=24&page=3
12,"
Ingrédients : pain de mie complet,tomate,avocat mûr,tofu nature ou aux herbes,crottin de chèvre,épinards frais,moutarde douce.Couper les ingrédients en tranches. Tartiner le pain de moutarde douce puis monter les...		",5 min,Club sandwich végétarien,/recettes/recette_club-sandwich-vegetarien_310985.aspx,https://www.marmiton.org/https://www.marmiton.org/recettes/recherche.aspx?aqt=sandwich&start=24&page=3
13,"
Ingrédients : avocat,thon en boite,baguette de pain,jambon blanc.Couper l'avocat en deux, récupérer la chair, et l'écraser à l'aide d'une fourchette. Mélanger la purée d'avocat aux miettes de thon.Il n'est pas...		",10 min,Sandwich de l'été à l'Avocat  et au Thon,/recettes/recette_sandwich-de-l-ete-a-l-avocat-et-au-thon_70133.aspx,https://www.marmiton.org/https://www.marmiton.org/recettes/recherche.aspx?aqt=sandwich&start=24&page=3
14,"
Ingrédients : Émietté Végétal citron & poivre mignonette Nautilus®,pomme de terre grenaille,haricots verts,concombre,tomates cerises,olives mélangées dénoyautées noires et...		",25 min,Salade fraîcheur à l’Emietté Végétal citron,/recettes/recette_salade-fraicheur-a-l-emiette-vegetal-citron_528024.aspx,https://www.marmiton.org/https://www.marmiton.org/recettes/recherche.aspx?aqt=sandwich&start=24&page=3
0,"
Ingrédients : galette de maïs souple (type tortillas),salade,jambon de Parme,tomate,fromage de chèvre frais.Découper la tomate en tranches fines.Tartiner la galette de maïs de chèvre frais et y disposer la...		",5 min,Sandwich de tortillas,/recettes/recette_sandwich-de-tortillas_48630.aspx,https://www.marmiton.org/https://www.marmiton.org/recettes/recherche.aspx?aqt=sandwich&start=36&page=4
1,"
Ingrédients : pain de mie (les grandes),beurre,ail,oignon,salade (iceberg),tomate,escalope de dinde,mayonnaise,fromage (au choix).Couper la tomate en tout petits dés.Hacher l'oignon et couper les feuilles de salade...		",25 min,Club sandwich phénoménal,/recettes/recette_club-sandwich-phenomenal_66560.aspx,https://www.marmiton.org/https://www.marmiton.org/recettes/recherche.aspx?aqt=sandwich&start=36&page=4
2,"
Ingrédients : ciabatta (une demie ou moins ou plus, en fonction de l'appétit et de la taille du pain à l'achat !),huile d'olive vierge,moutarde de Dijon,bacon,tomate,basilic entières,fromage à pâte dure (Gouda, Édam,...		",10 min,Sandwich Bacon et basilic,/recettes/recette_sandwich-bacon-et-basilic_37889.aspx,https://www.marmiton.org/https://www.marmiton.org/recettes/recherche.aspx?aqt=sandwich&start=36&page=4
3,"
Ingrédients : steak hachés (du boucher c'est mieux),baguette fraiche,fromage a hamburger,tomate,salade essorées,moutarde,ketchup ...),poivre,sel.-faire préchauffer le four à 200°.-faire cuire les steaks hachés a...		",30 min,Sandwich americain steak haché,/recettes/recette_sandwich-americain-steak-hache_165930.aspx,https://www.marmiton.org/https://www.marmiton.org/recettes/recherche.aspx?aqt=sandwich&start=36&page=4
4,"
Ingrédients : pâte brisée,sardine à l'huile,St Morêt,ciboulette,sel,poivre.Préchauffer le four à 180C° / Thermostat 6.Étaler les rouleaux de pâtes et découper 14 disques  avec...		",30 min,"Mini-sandwich feuilletés, St Morêt sardines et ciboulette",/recettes/recette_mini-sandwich-feuilletes-st-moret-sardines-ciboulette_528251.aspx,https://www.marmiton.org/https://www.marmiton.org/recettes/recherche.aspx?aqt=sandwich&start=36&page=4
5,"
Ingrédients : pain complet ou de seigle ou de campagne voire du pain de mie (Comme vous voulez, mais faut que les tranches soit assez grosses, en gros, pas de la baguette),jambon blanc ou (encore mieux) aux herbes (Allez...		",10 min,"Sandwich jambon, menthe et feta",/recettes/recette_sandwich-jambon-menthe-et-feta_38858.aspx,https://www.marmiton.org/https://www.marmiton.org/recettes/recherche.aspx?aqt=sandwich&start=36&page=4
6,"
Ingrédients : pain (petits ou grands selon votre appétit),thon au naturel,mayonnaise,beurre,laitue,tomate.Ouvrir le pain sur le côté et beurrer l'intérieur. Déposer quelques feuilles de laitues à l'intérieur du...		",5 min,Sandwich au thon et à la tomate,/recettes/recette_sandwich-au-thon-et-a-la-tomate_39120.aspx,https://www.marmiton.org/https://www.marmiton.org/recettes/recherche.aspx?aqt=sandwich&start=36&page=4
7,"
Ingrédients : baguette,pistou,jambon de Parme,feta de brebis nature,tomate séchée,tomates cerises,roquette.Coupez la baguette en deux.Tartinez un coté (ou les deux selon votre goût) de pistou.Posez dessus la...		",5 min,Sandwich d'été à la feta,/recettes/recette_sandwich-d-ete-a-la-feta_35999.aspx,https://www.marmiton.org/https://www.marmiton.org/recettes/recherche.aspx?aqt=sandwich&start=36&page=4
8,"
Ingrédients : pain de mie,rôti de boeuf froid,beurre,laitue,cornichon,estragon.Tartiner de beurre les pains de mie sur une seule face.Disposer sur la moitié des pains de mie une feuille de laitue et une tranche de...		",10 min,Sandwich au boeuf rôti et aux cornichons,/recettes/recette_sandwich-au-boeuf-roti-et-aux-cornichons_24747.aspx,https://www.marmiton.org/https://www.marmiton.org/recettes/recherche.aspx?aqt=sandwich&start=36&page=4
9,"
Ingrédients : gigot d'agneau désossé,oignon jaune,ail,ketchup,moutarde à l'ancienne,cumin en poudre,graines de coriandre,pain pita,oignon rouge,tomates cerises,coriandre,yaourt à la...		",3h45,Mini-sandwichs grecs à l’effiloché de gigot d’agneau,/recettes/recette_mini-sandwichs-grecs-a-l-effiloche-de-gigot-d-agneau_392448.aspx,https://www.marmiton.org/https://www.marmiton.org/recettes/recherche.aspx?aqt=sandwich&start=36&page=4
10,"
Ingrédients : pain de mie ou deux petits picolo (petites baguettes),crevette grise,échalote coupée finement,fromage frais type Philadelphia (St-Morêt),ciboulette ciselée,poivre (facultatif),sel.Dans un bol,...		",10 min,Sandwichs frais aux crevettes grises,/recettes/recette_sandwichs-frais-aux-crevettes-grises_56891.aspx,https://www.marmiton.org/https://www.marmiton.org/recettes/recherche.aspx?aqt=sandwich&start=36&page=4
11,"
Ingrédients : thon (en conserve et égouttée),persil frais coupé en morceaux,céleri coupé en morceaux,mayonnaise,jus de citron,oignon en petits morceaux,sel,poivre,ail en poudre,pain de mie (toastées ou pas),salade...		",10 min,Sandwich au thon - tunafish salad sandwich,/recettes/recette_sandwich-au-thon-tunafish-salad-sandwich_55152.aspx,https://www.marmiton.org/https://www.marmiton.org/recettes/recherche.aspx?aqt=sandwich&start=36&page=4
12,"
Ingrédients : baguette bien cuite,rosette,mortadelle,thon au naturel,thym en poudre.Couper la demi baguette en deux, dans le sens de la longueur.Déposer en son centre les quatre rondelles de mortadelle. Déposer sur...		",5 min,Sandwich du randonneur,/recettes/recette_sandwich-du-randonneur_84279.aspx,https://www.marmiton.org/https://www.marmiton.org/recettes/recherche.aspx?aqt=sandwich&start=36&page=4
13,"
Ingrédients : pain de mie,jambon cru,jambon cuit,tomate,parmesan,mayonnaise.Passer les tranches de pain de mie au grille-pain, couper des petites tranches de parmesan. Quand le pain est prêt enduire de mayonnaise les...		",7 min,le sandwich qui tabasse,/recettes/recette_le-sandwich-qui-tabasse_22866.aspx,https://www.marmiton.org/https://www.marmiton.org/recettes/recherche.aspx?aqt=sandwich&start=36&page=4
14,"
Ingrédients : farine,oeuf,sucre,limonade,beurre,levure de boulanger fraîche,sel.Délayer la levure de boulanger dans un peu d’eau tiède. Bien mélanger.Séparer les blancs des jaunes...		",1h41,Gaufres aériennes à la limonade,/recettes/recette_gaufres-aeriennes-a-la-limonade_372495.aspx,https://www.marmiton.org/https://www.marmiton.org/recettes/recherche.aspx?aqt=sandwich&start=36&page=4
0,"
Ingrédients : thon (en conserve et égouttée),persil frais coupé en morceaux,céleri coupé en morceaux,mayonnaise,jus de citron,oignon en petits morceaux,sel,poivre,ail en poudre,pain de mie (toastées ou pas),salade...		",10 min,Sandwich au thon - tunafish salad sandwich,/recettes/recette_sandwich-au-thon-tunafish-salad-sandwich_55152.aspx,https://www.marmiton.org/https://www.marmiton.org/recettes/recherche.aspx?aqt=sandwich&start=48&page=5
1,"
Ingrédients : pain de mie au choix (en tranches) ou 1 pain de campagne aux noix (en tranches) ou 1 pain Poilane (en tranches),crabe en boite (ou frais),roquette (100 g),jus de citron,huile d'olive,maquereau fumés,crème...		",32 min,Sandwichs anglais,/recettes/recette_sandwichs-anglais_85768.aspx,https://www.marmiton.org/https://www.marmiton.org/recettes/recherche.aspx?aqt=sandwich&start=48&page=5
2,"
Ingrédients : baguette,emmental,saucisse knack,poivron coupés en lamelles,ketchup.Préchauffer le four pendant 10 minutes à 180°C (thermostat 6).Pendant ce temps, préparer le sandwich :A l'intérieur de la demie...		",30 min,Sandwich knack ,/recettes/recette_sandwich-knack_82299.aspx,https://www.marmiton.org/https://www.marmiton.org/recettes/recherche.aspx?aqt=sandwich&start=48&page=5
3,"
Ingrédients : pain de mie anglais (complet de préférence),tomate,salade bien craquantes,bacon,mayonnaise ou moutarde, selon les goûts.Faire cuire le bacon dans une poêle ou au grill sans matière grasse jusqu'à...		",10 min,Sandwich British,/recettes/recette_sandwich-british_48629.aspx,https://www.marmiton.org/https://www.marmiton.org/recettes/recherche.aspx?aqt=sandwich&start=48&page=5
4,"
Ingrédients : pâte feuilletée rectangulaire si possible,jambon blanc,fromage râpé,saumon fumé,citron zestes + quelques gouttes de jus,tapenade verte,poudre d'amande,pesto...		",1h05,Petits palmiers feuilletés apéro bien gonflés,/recettes/recette_petits-palmiers-feuilletes-apero-bien-gonfles_372565.aspx,https://www.marmiton.org/https://www.marmiton.org/recettes/recherche.aspx?aqt=sandwich&start=48&page=5
5,"
Ingrédients : tortilla de blé (ou de mais selon votre goût),fromage frais (genre St Moret),jambon blanc,guacamole,concombre,carotte,salade.Disposer la tortillas dans une assiette, la tartiner de guacamole. Poser une...		",,sandwichs mexicains,/recettes/recette_sandwichs-mexicains_227656.aspx,https://www.marmiton.org/https://www.marmiton.org/recettes/recherche.aspx?aqt=sandwich&start=48&page=5
6,"
Ingrédients : oeuf durs,mayonnaise (allégé possible),thon au naturel,sel,poivre,moutarde.Mélanger intimement tous les ingrédients, goûter pour rectifier l'assaisonnement à votre volonté. La pâte doit être...		",10 min,Garniture pour sandwich,/recettes/recette_garniture-pour-sandwich_24476.aspx,https://www.marmiton.org/https://www.marmiton.org/recettes/recherche.aspx?aqt=sandwich&start=48&page=5
7,"
Ingrédients : pain viennois,jambon,tomate tranchée,oeuf dur tranché,salade,mayonnaise.Ouvrir le pain viennois puis le garnir avec le jambon, la salade, les tranches de tomate, la mayonnaise et les tranches d'oeufs.		",5 min,Sandwich viennois,/recettes/recette_sandwich-viennois_66072.aspx,https://www.marmiton.org/https://www.marmiton.org/recettes/recherche.aspx?aqt=sandwich&start=48&page=5
8,"
Ingrédients : escalope de poulet très fine,courgette,houmous (quantité selon votre goût),oignon rouge,mesclun (quelques feuilles),baguette (ou bagel, pain italien à l'huile, pita...).Découper l'escalope de poulet...		",20 min,Sandwich méditerranéen,/recettes/recette_sandwich-mediterraneen_35756.aspx,https://www.marmiton.org/https://www.marmiton.org/recettes/recherche.aspx?aqt=sandwich&start=48&page=5
9,"
Ingrédients : Chocolat NESTLÉ DESSERT Noir,oeuf,beurre,sucre,poudre d'amande,farine,Chocolat NESTLÉ DESSERT Noir,beurre,sucre glace,eau,oeufs en chocolat,bonbon au chocolat.Préchauffez...		",1h55,Gâteau nid de Pâques au chocolat,/recettes/recette_gateau-nid-de-paques-au-chocolat_371459.aspx,https://www.marmiton.org/https://www.marmiton.org/recettes/recherche.aspx?aqt=sandwich&start=48&page=5
10,"
Ingrédients : pain à pita,melon,champignon de Paris,fromage blanc,jambon serrano,ciboulette,persil ...,poivre,sel.Couper le melon en dés et émincer les champignons.Ciseler les herbes.Mélanger le tout avec du...		",10 min,sandwichs frais quand il fait chaud,/recettes/recette_sandwichs-frais-quand-il-fait-chaud_17806.aspx,https://www.marmiton.org/https://www.marmiton.org/recettes/recherche.aspx?aqt=sandwich&start=48&page=5
11,"
Ingrédients : champignon de Paris frais,bacon fumé,fromage de chèvre frais,ail,persil haché,poivre,sel.Retirer la queue de tous les champignons et creuser un petit peu afin de bien pouvoir remplir avec le fromage...		",25 min,Sandwich de champignons,/recettes/recette_sandwich-de-champignons_84335.aspx,https://www.marmiton.org/https://www.marmiton.org/recettes/recherche.aspx?aqt=sandwich&start=48&page=5
12,"
Ingrédients : pain de mie complet,thon au naturel (180 g),mayonnaise,oignon nouveau,concombre,câpres,wasabi,batavia,jus de citron vert,poivre,sel.Faire griller le pain de mie.Dans un bol, mettre ensemble le thon,...		",10 min,Club sandwich au thon,/recettes/recette_club-sandwich-au-thon_169952.aspx,https://www.marmiton.org/https://www.marmiton.org/recettes/recherche.aspx?aqt=sandwich&start=48&page=5
13,"
Ingrédients : oeuf,lait concentré , demi écrémé, non sucré,parmesan finement rapé,jambon blanc en tranche,pain de mie , en 2 tranches carrées,gruyère en tranche,margarine végétale,laitue,poivre.1) Mélanger...		",18 min,Sandwich Monte Cristo,/recettes/recette_sandwich-monte-cristo_17961.aspx,https://www.marmiton.org/https://www.marmiton.org/recettes/recherche.aspx?aqt=sandwich&start=48&page=5
14,"
Ingrédients : ricotta,petit pois surgelés,Bugles® saveur fromage,estragon,écorce de citron,jus de citron,huile d'olive,sel,poivre.Mettez les petits pois dans un plat résistant à la...		",10 min,Tartinade de petits pois et ricotta,/recettes/recette_hap-pea-dip_392112.aspx,https://www.marmiton.org/https://www.marmiton.org/recettes/recherche.aspx?aqt=sandwich&start=48&page=5
0,"
Ingrédients : pain de mie tranché aux céréales,laitue,concombre,tomate,fromage frais à tartiner,ciboulette /basilic,poivre,blanc de poulet où 4 tranches de blancs de poulet,crème fraîche,raisins secs,curry,crème...		",30 min,Sandwichs frais pour l'été,/recettes/recette_sandwichs-frais-pour-l-ete_48703.aspx,https://www.marmiton.org/https://www.marmiton.org/recettes/recherche.aspx?aqt=sandwich&start=60&page=6
1,"
Ingrédients : knacki,pain de la longueur de votre choix.Couper les Knackis en rondelles et les faire revenir dans une poêle avec un peu de matière grasse.  Dès qu'elles sont bien colorées, stopper la...		",15 min,"Sandwich aux ""Knackis""",/recettes/recette_sandwich-aux-knackis_340460.aspx,https://www.marmiton.org/https://www.marmiton.org/recettes/recherche.aspx?aqt=sandwich&start=60&page=6
2,"
Ingrédients : bacon,knacki "",pain à sandwich ou baguette fraîche,moutarde.Faire cuire la knacki puis le bacon.Faire griller le pain au grille-pain.Dès que le pain est grillé, le ""beurrer"" de moutarde (de...		",10 min,Sandwich atomiseur d'estomac,/recettes/recette_sandwich-atomiseur-d-estomac_57469.aspx,https://www.marmiton.org/https://www.marmiton.org/recettes/recherche.aspx?aqt=sandwich&start=60&page=6
3,"
Ingrédients : pain complet,fromage blanc à 20 ou 0% de matière grasse,oignon,moutarde,tomate,cornichon,poivre,sel,ciboulette,saumon ou truite fumée.Faire griller le pain au toaster.Emincer l'oignon et le mélanger...		",13 min,Sandwich yaya des fjords,/recettes/recette_sandwich-yaya-des-fjords_50395.aspx,https://www.marmiton.org/https://www.marmiton.org/recettes/recherche.aspx?aqt=sandwich&start=60&page=6
4,"
Ingrédients : pois chiches cuits (650 g),oignon ,ail,persil,cumin,sel,poivre,farine de riz,flocons d'avoine,chapelure (ou pain sec),huile d'olive,mascarpone,crème...		",,Galette de pois chiches aux épices et crème aux épices et herbes,/recettes/recette_galette-de-pois-chiche-carotte-aux-epices-et-creme-aux-epices-et-herbes_372149.aspx,https://www.marmiton.org/https://www.marmiton.org/recettes/recherche.aspx?aqt=sandwich&start=60&page=6
5,"
Ingrédients : pain de mie,tomate,concombre,gruyère,dinde,laitue,oignon rouge,mayonnaise,poivre.Dans un bol mettre de la mayonnaise et poivrer légèrement.Couper de fines tranches de gruyère.Emincer tomates,...		",5 min,Club sandwich à la dinde,/recettes/recette_club-sandwich-a-la-dinde_57470.aspx,https://www.marmiton.org/https://www.marmiton.org/recettes/recherche.aspx?aqt=sandwich&start=60&page=6
6,"
Ingrédients : thon au naturel,salade , à votre convenance.,mayonnaise , à votre convenance aussi,oeuf,pain de mie moelleux.Commencez par faire chauffer de l'eau dans une casserole. Une fois l'eau arrivée à...		",30 min,"Sandwichs au thon, oeufs & salade",/recettes/recette_sandwichs-au-thon-oeufs-salade_212838.aspx,https://www.marmiton.org/https://www.marmiton.org/recettes/recherche.aspx?aqt=sandwich&start=60&page=6
7,"
Ingrédients : contre-filet,bière blonde minimum (ou brune si vous désirez une marinade plus corsée),,oignon émincés,,huile d'arachide ,,ail ,,feuille de laurier ,,poivre noir.,baguette ou pistolets (pains...		",4h04,Le Prégos (sandwich portugais),/recettes/recette_le-pregos-sandwich-portugais_168721.aspx,https://www.marmiton.org/https://www.marmiton.org/recettes/recherche.aspx?aqt=sandwich&start=60&page=6
8,"
Ingrédients : pain de mie complet,tomate,concombre,mayonnaise à volonté,salade,surimi,thon égouttée.Etaler un peu de mayo sur chaque face des tartines, finement.Couper des tranches TRES fines de concombre et de...		",30 min,Sandwiches thon-surimi pour rando,/recettes/recette_sandwiches-thon-surimi-pour-rando_58471.aspx,https://www.marmiton.org/https://www.marmiton.org/recettes/recherche.aspx?aqt=sandwich&start=60&page=6
9,"
Ingrédients : chou-fleur,oignon,poitrine de porc,farine,bicarbonate ou morceau de pain,sauce soja,huile,persil haché,sel,poivre.Laver le chou-fleur puis le découper en morceaux de la...		",34 min,Chou-fleur sauté au porc,/recettes/recette_chou-fleur-saute-au-porc_372634.aspx,https://www.marmiton.org/https://www.marmiton.org/recettes/recherche.aspx?aqt=sandwich&start=60&page=6
10,"
Ingrédients : pain complet,beurre,vinaigrette,jambon,dinde ou poulet,tomate,avocat bien mûr,feta,comté ou gruyère,salade,oeuf dur.Tartiner le dessus de 2 tranches de pain avec du beurre.Déposer sur la 1ère et la...		",10 min,Sandwich complet de l'été,/recettes/recette_sandwich-complet-de-l-ete_58668.aspx,https://www.marmiton.org/https://www.marmiton.org/recettes/recherche.aspx?aqt=sandwich&start=60&page=6
11,"
Ingrédients : baguette,jambon cru,mozzarella,olive verte.Coupez la baguette en 2 et fendez chaque morceau dans le sens de la longueur.Coupez chaque tranche de jambon cru en petits morceaux puis garnissez-en les...		",5 min,Sandwich jambon cru-mozzarella-olives,/recettes/recette_sandwich-jambon-cru-mozzarella-olives_309869.aspx,https://www.marmiton.org/https://www.marmiton.org/recettes/recherche.aspx?aqt=sandwich&start=60&page=6
12,"
Ingrédients : pain de mie,fromage,gruyère ou gouda,jambon,concombre (d’environ 1/2 cm),sauce tartare.Faire griller les tranches de pain de mie.Les tartiner de sauce tartare, puis les recouvrir de fromage.Placer la...		",5 min,Sandwich à la sauce tartare et au concombre,/recettes/recette_sandwich-a-la-sauce-tartare-et-au-concombre_80495.aspx,https://www.marmiton.org/https://www.marmiton.org/recettes/recherche.aspx?aqt=sandwich&start=60&page=6
13,"
Ingrédients : tortilla de maïs,escalope de dinde ou poulet,échalote,olive verte,cornichon,moutarde,ketchup,ciboulette,huile d'olive,curry,jus de citron,crème fraîche légère et liquide.Faire revenir les...		",30 min,Le sandwich de Jérémy  (tortillas au poulet),/recettes/recette_le-sandwich-de-jeremy-tortillas-au-poulet_55218.aspx,https://www.marmiton.org/https://www.marmiton.org/recettes/recherche.aspx?aqt=sandwich&start=60&page=6
14,"
Ingrédients : La Vache qui rit®,pomme de terre de grosse taille,fromage blanc,ail,ciboulette,sel,poivre.Lavez les pommes de terre et plongez-les dans une casserole d'eau bouillante...		",1h15,Pommes de terre au four et à La Vache qui rit®,/recettes/recette_pommes-de-terre-au-four-et-a-la-vache-qui-rit_392241.aspx,https://www.marmiton.org/https://www.marmiton.org/recettes/recherche.aspx?aqt=sandwich&start=60&page=6
0,"
Ingrédients : baguette au sésame,saumon fumé,mozzarella,roquette,beurre doux,tomate confites (facultatif).Couper la baguette en deux, puis découper chaque demi baguette sur la longueur d'un seul côté.Beurrer...		",15 min,Sandwich au saumon fumé et à la mozzarella,/recettes/recette_sandwich-au-saumon-fume_220477.aspx,https://www.marmiton.org/https://www.marmiton.org/recettes/recherche.aspx?aqt=sandwich&start=72&page=7
1,"
Ingrédients : concombre,sucre,vinaigre,oignon,sel,céleri,moutarde,curcuma,clou de girofle,eau.Bien laver les concombres. Râper ou hacher finement les concombres sans les éplucher (la peau donne la couleur...		",1 h,Green relish : délicieuse sauce de concombre pour sandwichs,/recettes/recette_green-relish-delicieuse-sauce-de-concombre-pour-sandwichs_339626.aspx,https://www.marmiton.org/https://www.marmiton.org/recettes/recherche.aspx?aqt=sandwich&start=72&page=7
2,"
Ingrédients : jambon,comté ou d'emmental,crème fraîche,ail en poudre,poivre,piment en poudre,baguette.Préchauffer votre four à 180°C (thermostat 6) durant 5 minutes.Pendant que le four préchauffe, mélanger la...		",10 min,Sandwich jambon fromage du dimanche soir by Fred,/recettes/recette_sandwich-jambon-fromage-du-dimanche-soir-by-fred_339779.aspx,https://www.marmiton.org/https://www.marmiton.org/recettes/recherche.aspx?aqt=sandwich&start=72&page=7
3,"
Ingrédients : pain de mie carré par sandwich,saucisse,pomme de terre rouge,oeuf durs,vinaigrette,oignon,persil,moutarde.Remplir d’eau une casserole, y déposer les saucisses et les faire cuire. Réserver.Faire...		",50 min,SANDWICH AUX POMMES DE TERRE ET AUX SAUCISSES,/recettes/recette_sandwich-aux-pommes-de-terre-et-aux-saucisses_27192.aspx,https://www.marmiton.org/https://www.marmiton.org/recettes/recherche.aspx?aqt=sandwich&start=72&page=7
4,"
Ingrédients : poulet rôti (restes),feuille de brick,raisins secs,amandes,persil,oignon,sucre,huile d'olive,sel,poivre.Préchauffer le four à 200°C (thermostat 6-7)....		",30 min,Feuilleté au poulet façon pastilla en 30 minutes,/recettes/recette_feuillete-au-poulet-facon-pastilla_374885.aspx,https://www.marmiton.org/https://www.marmiton.org/recettes/recherche.aspx?aqt=sandwich&start=72&page=7
5,"
Ingrédients : escalope de poulet,citron,curry,sel,farine,pomme de terre nouvelle,oignon blanc nouveau,salade verte,tomate,mayonnaise,baguette de pain,huile d'olive pour la cuisson.Prévoir 12 h de marinade.La veille...		",35 min,Sandwich poulet curry citron,/recettes/recette_sandwich-poulet-curry-citron_58718.aspx,https://www.marmiton.org/https://www.marmiton.org/recettes/recherche.aspx?aqt=sandwich&start=72&page=7
6,"
Ingrédients : baguette,banane,chocolat à faire fondre.Mettre le chocolat à fondre dans une casserole. (Ou, à défaut, au micro-ondes).Couper la banane en rondelles. La mettre à chauffer à la casserole (ou à...		",25 min,Sandwich choco-banane,/recettes/recette_sandwich-choco-banane_176140.aspx,https://www.marmiton.org/https://www.marmiton.org/recettes/recherche.aspx?aqt=sandwich&start=72&page=7
7,"
Ingrédients : guimauve,sucre,beurre demi-sel,crème liquide froide.Faire fondre le sucre à feu vif pour obtenir un caramel blond. Y ajouter le beurre, mélanger sans cesse et verser enfin la crème liquide bien...		",30 min,Oursons guimauves en sandwich,/recettes/recette_oursons-guimauves-en-sandwich_332601.aspx,https://www.marmiton.org/https://www.marmiton.org/recettes/recherche.aspx?aqt=sandwich&start=72&page=7
8,"
Ingrédients : cervelle de porcs,fromage de chèvre certifié AB (bio),pain aux céréales,piment de Cayenne,gingembre,cumin,huile de cuisson.Sortir les cervelles de leurs emballage,  les couper en deux puis en...		",30 min,Sandwich à la cervelle et au fromage de chèvre,/recettes/recette_sandwich-a-la-cervelle-et-au-fromage-de-chevre_338437.aspx,https://www.marmiton.org/https://www.marmiton.org/recettes/recherche.aspx?aqt=sandwich&start=72&page=7
9,"
Ingrédients : banane,cube de noix de coco Gretel,porridge chocolat bio Gretel,chocolat noir,lait de soja.Préchauffez le four à 180°C (thermostat 6).Pelez la banane et coupez-la...		",25 min,"Cookies avoine chocolat, noix de coco et banane",/recettes/recette_cookies-avoine-chocolat-noix-de-coco-et-banane_348602.aspx,https://www.marmiton.org/https://www.marmiton.org/recettes/recherche.aspx?aqt=sandwich&start=72&page=7
10,"
Ingrédients : pain complet américain (extra moelleux),cheddar,blanc de poulet rôti (jambon de poulet),beurre salé (facultatif),salade iceberg.Beurrer légèrement les tranches de pain.Mettre une tranche de cheddar...		",20 min,Croques façon club sandwich,/recettes/recette_croques-facon-club-sandwich_70923.aspx,https://www.marmiton.org/https://www.marmiton.org/recettes/recherche.aspx?aqt=sandwich&start=72&page=7
11,"
Ingrédients : saucisse KNACKI,pain de mie,moutarde à l'ancienne,câpres,mayonnaise,radis noir,salade verte.Faire cuire les saucisses Knacki 5 minutes dans une casserole d'eau frémissante. Égoutter et laisser...		",20 min,Club Sandwich aux Knacki,/recettes/recette_club-sandwich-aux-knacki_232687.aspx,https://www.marmiton.org/https://www.marmiton.org/recettes/recherche.aspx?aqt=sandwich&start=72&page=7
12,"
Ingrédients : pain de mie complet,steak hachés,fromage au choix (cheddar, gruyère, comté...),fromage râpé,moutarde,ketchup,sauce burger,tomate,oignon,salade verte,huile d'olive,crème fraîche...		",15 min,"Sandwich bon et rapide ""le hummer"" avec 3 étages",/recettes/recette_sandwich-bon-et-rapide-le-hummer_338441.aspx,https://www.marmiton.org/https://www.marmiton.org/recettes/recherche.aspx?aqt=sandwich&start=72&page=7
13,"
Ingrédients : ciabatta,steak au choix (tendre et pas trop épais si possible),oignon rouge confits,fromage bleu (pas trop fort),tomate,salade.Préparer la garniture :Trancher la tomate, laver la salade.Couper la...		",20 min,"Sandwich au steak, bleu et oignons confits",/recettes/recette_sandwich-au-steak-bleu-et-oignons-confits_64807.aspx,https://www.marmiton.org/https://www.marmiton.org/recettes/recherche.aspx?aqt=sandwich&start=72&page=7
14,"
Ingrédients : flocons d'avoine,yaourt,citron vert,lait concentré sucré,fraises,myrtilles,cerneau de noix,fruits secs, à coque, oleagineux,graines de tournesol,Fleur des...		",40 min,"Bircher Muesli aux fruits d’été relevé de Fleur des Alpes, le sel...",/recettes/recette_bircher-muesli-aux-fruits-d-ete-releve-de-fleur-des-alpes-le-sel-gourmet-suisse_374837.aspx,https://www.marmiton.org/https://www.marmiton.org/recettes/recherche.aspx?aqt=sandwich&start=72&page=7
0,"
Ingrédients : aubergine (petite),mozzarella,huile d'olive,gros sel.Couper les aubergines en fines tranches d'environ 3-4 mm d'épaisseur.Les mettre dans une passoire, les saupoudrer de gros sel et laisser reposer...		",1h15,Mini-sandwich d'aubergines rôties au fromage,/recettes/recette_mini-sandwich-d-aubergines-roties-au-fromage_392480.aspx,https://www.marmiton.org/https://www.marmiton.org/recettes/recherche.aspx?aqt=sandwich&start=84&page=8
1,"
Ingrédients : pain de mie,brie de meaux,compote de ceris ou confiture de cerise,roquette (facultatif),beurre.Faire fondre le beurre et badigeonner les tranches de pain de mie d'un seul côté.Montage du sandwich : sur...		",11 min,Sandwich au brie et compoté de cerises,/recettes/recette_sandwich-au-brie-et-compote-de-cerises_392636.aspx,https://www.marmiton.org/https://www.marmiton.org/recettes/recherche.aspx?aqt=sandwich&start=84&page=8
2,"
Ingrédients : baguette coupée en 3 ou 4 qu'on trouve en sachets au rayon boulangerie),thon au naturel (1 boîte),oignon,carotte,purée de piment ou harissa (facultatif).Egoutter le thon et l'émietter. Couper...		",5 min,Sandwich chinois,/recettes/recette_sandwich-chinois_59043.aspx,https://www.marmiton.org/https://www.marmiton.org/recettes/recherche.aspx?aqt=sandwich&start=84&page=8
3,"
Ingrédients : pain de mie pour sandwich,thon moyennes,concombre,tomate cerise,fromage de chèvre frais,citron,huile d'olive,ciboulette,poivre.Faites griller les tranches de pain de mie au grille-pain ou au four...		",30 min,Club sandwichs au thon et fromage de chèvre frais,/recettes/recette_club-sandwichs-au-thon-et-fromage-de-chevre-frais_323796.aspx,https://www.marmiton.org/https://www.marmiton.org/recettes/recherche.aspx?aqt=sandwich&start=84&page=8
4,"
Ingrédients : pomme,chocolat,pain d'épices,farine,sucre roux,beurre,cannelle,sucre vanillé,jus de citron.Dans un saladier mélanger la farine et le sucre. Ajouter le beurre mou en...		",1h50,Crumble aux pommes délicieux,/recettes/recette_crumble-aux-pommes-delicieux_371938.aspx,https://www.marmiton.org/https://www.marmiton.org/recettes/recherche.aspx?aqt=sandwich&start=84&page=8
5,"
Ingrédients : carotte,radis blanc (daikon),sucre,sel,vinaigre blanc,porc,sauce soja,huile d'olive,mélange 5 épices,ail,sel,poivre,baguette,moutarde douce,pâté de foie,concombre,piment rouge,piment vert,coriandre...		",45 min,Sandwich banh mi,/recettes/recette_sandwich-banh-mi_345322.aspx,https://www.marmiton.org/https://www.marmiton.org/recettes/recherche.aspx?aqt=sandwich&start=84&page=8
6,"
Ingrédients : baguette fraîche,escalope de poulet (crue!),champignon de Paris frais coupés en 4,fenouil (dont on va consommer seulement les pluches, tiges dures et un éclat),citron,moutarde,radis,graine de...		",15 min,Sandwich printanier au poulet,/recettes/recette_sandwich-printanier-au-poulet_167906.aspx,https://www.marmiton.org/https://www.marmiton.org/recettes/recherche.aspx?aqt=sandwich&start=84&page=8
7,"
Ingrédients : baguette de pain,poivron rouge et 1 poivron vert,tomate,pomme de terre moyennes bouillies,thon en boîte,oignon moyen selon le goût,blanc de poulet,vinaigrette,poivre,sel.Laver, éplucher et épépiner...		",30 min,Sandwich tunisien,/recettes/recette_sandwich-tunisien_73777.aspx,https://www.marmiton.org/https://www.marmiton.org/recettes/recherche.aspx?aqt=sandwich&start=84&page=8
8,"
Ingrédients : lait concentré sucré,crème liquide entière,arôme vanille,blanc d'oeuf,beurre mou,sucre blond,farine T55,extrait de vanille liquide,levure chimique,fleur de sel,pépites de chocolat noir,pépites de...		",30 min,Ice Cream Sandwich,/recettes/recette_ice-cream-sandwich_528242.aspx,https://www.marmiton.org/https://www.marmiton.org/recettes/recherche.aspx?aqt=sandwich&start=84&page=8
9,"
Ingrédients : MARTINI® FIERO,tonic,orange,glaçons.Placer généreusement les glaçons dans le verreVerser le Martini® Fiero.Verser le tonic.Mélanger légèrement.Ajouter un quartier...		",5 min,Martini® Fiero & Tonic,/recettes/recette_martini-fiero-tonic_372440.aspx,https://www.marmiton.org/https://www.marmiton.org/recettes/recherche.aspx?aqt=sandwich&start=84&page=8
10,"
Ingrédients : baguette,filet mignon ou une poitrine de porc (selon les goûts),coriandre fraiche,carotte,melfor blanc,sucre,concombre,porc (marque lobo ou shanggie) une poudre rouge pour laquer et rôtir le...		",45 min,Sandwich asiatique,/recettes/recette_sandwich-asiatique_64784.aspx,https://www.marmiton.org/https://www.marmiton.org/recettes/recherche.aspx?aqt=sandwich&start=84&page=8
11,"
Ingrédients : salade croquante,tomate (en dés),oeuf dur,Magret de Canard séché ou fumé,confit d'oignon au vin rouge,mayonnaise,baguette (assez grande).Dans une assiette, disposer la salade, les tomatespuis...		",10 min,Sandwich à l'assiette,/recettes/recette_sandwich-a-l-assiette_228543.aspx,https://www.marmiton.org/https://www.marmiton.org/recettes/recherche.aspx?aqt=sandwich&start=84&page=8
12,"
Ingrédients : baguette,tapenade (noir ou verte),tomate (coeur de boeuf) selon la taille des sandwich,mozzarella di bufala,filet de poulet,poivre,vinaigre balsamique (facultatif).Commencez par couper les filets de...		",20 min,Sandwich poulet tomate mozzarella,/recettes/recette_sandwich-poulet-tomate-mozzarella_337970.aspx,https://www.marmiton.org/https://www.marmiton.org/recettes/recherche.aspx?aqt=sandwich&start=84&page=8
13,"
Ingrédients : avocat,pain de mie,saumon fumé,Philadelphia,citron,curry en poudre,piment,sel,poivre.Pour le guacamole : écraser la chair des avocats à la fourchette. Ajouter 2 cuillères à soupe, ou plus de jus de...		",18 min,Club sandwich saumon et guacamole,/recettes/recette_club-sandwich-saumon-et-guacamole_340372.aspx,https://www.marmiton.org/https://www.marmiton.org/recettes/recherche.aspx?aqt=sandwich&start=84&page=8
14,"
Ingrédients : pomme,skyr bio Les 2 Vaches®,farine,sucre,oeuf,levure chimique,cannelle en poudre,sel,huile d'olive.Dans un saladier, blanchir les oeufs avec le sucre.Détendre le skyr bio...		",1h10,"Gâteau léger à la poêle pommes, cannelle et skyr",/recettes/recette_gateau-leger-a-la-poele-pommes-cannelle-et-skyr_391666.aspx,https://www.marmiton.org/https://www.marmiton.org/recettes/recherche.aspx?aqt=sandwich&start=84&page=8
0,"
Ingrédients : quatre-quarts au beurre Ker Cadélac,confiture de fraise,pâte à tartiner,chocolat noir fondu,noisettes,myrtilles,poire,menthe.Sandwich sucré aux baies: Coupez 2 tranches de quatre-quarts.Tartinez le...		",30 min,Sandwichs sucrés,/recettes/recette_sandwichs-sucres_166017.aspx,https://www.marmiton.org/https://www.marmiton.org/recettes/recherche.aspx?aqt=sandwich&start=96&page=9
1,"
Ingrédients : fraises coupées en tranches épaisses,sucre en poudre,biscuit sec rectangulaires de votre choix,framboises,glace vanille,framboises.Mélanger les fraises et le sucre dans un saladier.Former les...		",10 min,Sandwiches glacés vanille-framboise et salade de fruits rouges,/recettes/recette_sandwichs-glaces-vanille-frambroise-et-salade-de-fruits-rouges_312633.aspx,https://www.marmiton.org/https://www.marmiton.org/recettes/recherche.aspx?aqt=sandwich&start=96&page=9
2,"
Ingrédients : jambon coupée en lamelles,pain de mie,beurre,oeuf,sel,poivre,fromage râpé.Prenez la première tranche de pain de mie, coupez un cercle à l'intérieur en laissant 2 cm de chaque côté du trou.Mettez...		",12 min,"Sandwich revisité, une véritable tuerie !",/recettes/recette_sandwich-revisite-une-veritable-tuerie_340757.aspx,https://www.marmiton.org/https://www.marmiton.org/recettes/recherche.aspx?aqt=sandwich&start=96&page=9
3,"
Ingrédients : gambas,fève,tomate,avocat,pomme de terre,oignon,persil,ciboulette ciselée,thym,ail haché,échalote,oeuf,farine,huile d'olive,moutarde,citron,vinaigre de vin,poivre,sel.Epluchez et coupez en dés les...		",40 min,Le sandwich pomme de terre gambas,/recettes/recette_le-sandwich-pomme-de-terre-gambas_61298.aspx,https://www.marmiton.org/https://www.marmiton.org/recettes/recherche.aspx?aqt=sandwich&start=96&page=9
4,"
Ingrédients : Préparation pour Cookies aux pépites de chocolat NESTLE DESSERT,beurre,oeuf,Chocolat NESTLÉ DESSERT Praliné,Chocolat NESTLÉ DESSERT Caramel,Chocolat NESTLÉ DESSERT Noir...		",55 min,Cookies surprise au coeur de chocolat,/recettes/recette_cookies-surprise-au-coeur-de-chocolat_371434.aspx,https://www.marmiton.org/https://www.marmiton.org/recettes/recherche.aspx?aqt=sandwich&start=96&page=9
5,"
Ingrédients : pain de mie complet,sardine à la tomate,champignon émincé,raisins secs,pignons,concentré de tomates.Emincer et faire griller le champignon. Couper la sardine en deux moitiés. Faire griller les...		",10 min,Sandwich sardines-raisins secs,/recettes/recette_sandwich-sardines-raisins-secs_39022.aspx,https://www.marmiton.org/https://www.marmiton.org/recettes/recherche.aspx?aqt=sandwich&start=96&page=9
6,"
Ingrédients : galettes (bretonnes) tortillas au blé dur(+ aluminium pour la cuisson),jambon,bacon,fromage à hamburger,tomate,sauce salsa.Préchauffer le four à 180°C.Séparer les tortillas délicatement, les...		",10 min,Sandwich wrap jambon bacon,/recettes/recette_sandwich-wrap-jambon-bacon_92768.aspx,https://www.marmiton.org/https://www.marmiton.org/recettes/recherche.aspx?aqt=sandwich&start=96&page=9
7,"
Ingrédients : pain de mie spécial sandwich aux céréales, nature ou complet,fromage ail et fines herbes,jambon blanc,tomate coupée en rondelles,salade verte au choix, scarole, laitue, roquette, mâche....Beurrer la...		",15 min,Club sandwich rapide jambon et fromage frais,/recettes/recette_club-sandwich-jambon-boursin_324114.aspx,https://www.marmiton.org/https://www.marmiton.org/recettes/recherche.aspx?aqt=sandwich&start=96&page=9
8,"
Ingrédients : ciabatta (petits pains italiens) ou 2 petites baguettes,courgette,Magret de Canard séché (ou 4 tranches de jambon de pays),oignon,huile d'olive (quantité à adapter),poivre,sel.Lavez les courgettes,...		",25 min,Sandwich aux courgettes,/recettes/recette_sandwich-aux-courgettes_87227.aspx,https://www.marmiton.org/https://www.marmiton.org/recettes/recherche.aspx?aqt=sandwich&start=96&page=9
9,"
Ingrédients : Lait de coco light Kara®,ananas frais,banane,eau.Découper l’ananas en morceaux. Peler la banane et la couper en deux.Verser le lait de coco light Kara® dans un...		",10 min,Smoothie façon Piña Colada au lait de coco light Kara®,/recettes/recette_smoothie-facon-pina-colada_392037.aspx,https://www.marmiton.org/https://www.marmiton.org/recettes/recherche.aspx?aqt=sandwich&start=96&page=9
10,"
Ingrédients : baguette,rôti de boeuf cuit,avocat,curry,salade verte.Ouvrir la baguette en deux.Mettre quelques feuilles de salade émincée. Ajouter dessus quelques morceaux d'avocat.3è couche : du rôti de boeuf...		",10 min,Sandwich tricolore au boeuf et à l'avocat,/recettes/recette_sandwich-tricolore-boeuf-avocat_228365.aspx,https://www.marmiton.org/https://www.marmiton.org/recettes/recherche.aspx?aqt=sandwich&start=96&page=9
11,"
Ingrédients : tomate,poivron vert,piment vert,baguette,mayonnaise ou ketchup ou sauce barbecue.Couper le pain sur la longueur.Laver la tomate, le poivron et le piment.Couper la tomate en rondelles après avoir enlevé...		",5 min,Sandwich TPP (tomate poivron piment),/recettes/recette_sandwich-tpp-tomate-poivron-piment_345571.aspx,https://www.marmiton.org/https://www.marmiton.org/recettes/recherche.aspx?aqt=sandwich&start=96&page=9
12,"
Ingrédients : pain de mie,jaune d'oeuf,filet de poulet,tomate,sucrine,oeuf dur,pancetta,moutarde,huile neutre (type pépin ou tourneso),sel,poivre,romarin,pain de mie,jaune d'oeuf,filet de poulet,tomate,sucrine,oeuf...		",25 min,Club sandwich fumé au romarin de Nastasia Thiebaut Lyard,/recettes/recette_club-sandwich-fume-au-romarin-de-nastasia_392522.aspx,https://www.marmiton.org/https://www.marmiton.org/recettes/recherche.aspx?aqt=sandwich&start=96&page=9
13,"
Ingrédients : pain de mie,fraises,banane,lait,oeuf,chocolat,arôme vanille (ou 1 sachet de sucre vanillé).Retirer la croûte du pain de mie (sauf si c'est du pain de mie sans croûte!).Laver, équeuter et couper les...		",24 min,Sandwich de pain perdu au barbecue,/recettes/recette_sandwich-de-pain-perdu-au-barbecue_344485.aspx,https://www.marmiton.org/https://www.marmiton.org/recettes/recherche.aspx?aqt=sandwich&start=96&page=9
14,"
Ingrédients : tomate,petit pois frais ou surgelés en fonction de la saison,escalope de poulet,menthe,Beurre spécial cuisson Elle & Vire,huile d'olive,sel,poivre.Préchauffer votre four...		",31 min,Tomates farcies au poulet et aux petits pois en 30 minutes,/recettes/recette_tomates-farcies-au-poulet-et-aux-petits-pois-en-20-minutes_374873.aspx,https://www.marmiton.org/https://www.marmiton.org/recettes/recherche.aspx?aqt=sandwich&start=96&page=9
